patient_id,visit_id,visit_date,diagnosis_text,item_name,dose,unit,physician_id
R1,RV01,2018-01-05,RA,Shared,10,g,DOC_SYNTHETIC
R1,RV01,2018-01-05,RA,Common2,5,g,DOC_SYNTHETIC
R1,RV01,2018-01-05,RA,Fuling,12,g,DOC_SYNTHETIC
R1,RV02,2018-02-05,RA,Shared,10,g,DOC_SYNTHETIC
R1,RV02,2018-02-05,RA,Common2,5,g,DOC_SYNTHETIC
R1,RV02,2018-02-05,RA,Zhimu,9,g,DOC_SYNTHETIC
R2,RV03,2019-03-01,RA,Shared,10,g,DOC_SYNTHETIC
R2,RV03,2019-03-01,RA,Common2,5,g,DOC_SYNTHETIC
R2,RV03,2019-03-01,RA,Fuling,12,g,DOC_SYNTHETIC
R3,RV04,2022-04-01,RA,Shared,10,g,DOC_SYNTHETIC
R3,RV04,2022-04-01,RA,Guizhi,8,g,DOC_SYNTHETIC
R3,RV05,2022-05-01,RA,Shared,12,g,DOC_SYNTHETIC
R3,RV05,2022-05-01,RA,Guizhi,8,g,DOC_SYNTHETIC
R4,RV06,2022-06-01,RA,Shared,10,g,DOC_SYNTHETIC
R4,RV06,2022-06-01,RA,Guizhi,8,g,DOC_SYNTHETIC
R4,RV07,2022-07-01,RA,Shared,10,g,DOC_SYNTHETIC
R4,RV07,2022-07-01,RA,Guizhi,8,g,DOC_SYNTHETIC
S1,SV01,2018-01-10,SjD,Shared,10,g,DOC_SYNTHETIC
S1,SV01,2018-01-10,SjD,Common2,5,g,DOC_SYNTHETIC
S1,SV01,2018-01-10,SjD,Fuling,12,g,DOC_SYNTHETIC
S1,SV02,2018-02-10,SjD,Shared,10,g,DOC_SYNTHETIC
S1,SV02,2018-02-10,SjD,Common2,5,g,DOC_SYNTHETIC
S1,SV02,2018-02-10,SjD,Fuling,12,g,DOC_SYNTHETIC
S2,SV03,2019-03-10,SjD,Shared,10,g,DOC_SYNTHETIC
S2,SV03,2019-03-10,SjD,Common2,5,g,DOC_SYNTHETIC
S2,SV03,2019-03-10,SjD,Fuling,12,g,DOC_SYNTHETIC
S3,SV04,2022-04-10,SjD,Shared,10,g,DOC_SYNTHETIC
S3,SV04,2022-04-10,SjD,Common2,5,g,DOC_SYNTHETIC
S3,SV04,2022-04-10,SjD,Danzhuye,6,g,DOC_SYNTHETIC
S3,SV05,2022-05-10,SjD,Shared,10,g,DOC_SYNTHETIC
S3,SV05,2022-05-10,SjD,Common2,5,g,DOC_SYNTHETIC
S3,SV05,2022-05-10,SjD,Danzhuye,8,g,DOC_SYNTHETIC
S4,SV06,2022-06-10,SjD,Shared,10,g,DOC_SYNTHETIC
S4,SV06,2022-06-10,SjD,Danzhuye,6,g,DOC_SYNTHETIC
S4,SV07,2022-07-10,SjD,Shared,10,g,DOC_SYNTHETIC
S4,SV07,2022-07-10,SjD,Danzhuye,6,g,DOC_SYNTHETIC
A1,AV01,2018-01-15,AS,Shared,10,g,DOC_SYNTHETIC
A1,AV01,2018-01-15,AS,Common2,5,g,DOC_SYNTHETIC
A1,AV01,2018-01-15,AS,Qingfengteng,15,g,DOC_SYNTHETIC
A1,AV02,2018-02-15,AS,Shared,10,g,DOC_SYNTHETIC
A1,AV02,2018-02-15,AS,Common2,5,g,DOC_SYNTHETIC
A1,AV02,2018-02-15,AS,Duhuo,10,g,DOC_SYNTHETIC
A2,AV03,2019-03-15,AS,Shared,10,g,DOC_SYNTHETIC
A2,AV03,2019-03-15,AS,Common2,5,g,DOC_SYNTHETIC
A2,AV03,2019-03-15,AS,Qingfengteng,15,g,DOC_SYNTHETIC
A3,AV04,2022-04-15,AS,Shared,10,g,DOC_SYNTHETIC
A3,AV04,2022-04-15,AS,Common2,5,g,DOC_SYNTHETIC
A3,AV04,2022-04-15,AS,Duhuo,10,g,DOC_SYNTHETIC
A3,AV05,2022-05-15,AS,Shared,10,g,DOC_SYNTHETIC
A3,AV05,2022-05-15,AS,Common2,5,g,DOC_SYNTHETIC
A3,AV05,2022-05-15,AS,Duhuo,10,g,DOC_SYNTHETIC
A4,AV06,2022-06-15,AS,Shared,10,g,DOC_SYNTHETIC
A4,AV06,2022-06-15,AS,Common2,5,g,DOC_SYNTHETIC
A4,AV06,2022-06-15,AS,Duhuo,10,g,DOC_SYNTHETIC
A4,AV07,2022-07-15,AS,Shared,10,g,DOC_SYNTHETIC
A4,AV07,2022-07-15,AS,Common2,5,g,DOC_SYNTHETIC
A4,AV07,2022-07-15,AS,Duhuo,10,g,DOC_SYNTHETIC
O1,OV01,2020-01-01,RA,Shared,10,g,DOC_SYNTHETIC
O1,OV02,2020-02-01,SjD,Shared,10,g,DOC_SYNTHETIC
U1,UV01,2020-03-01,OA,Shared,10,g,DOC_SYNTHETIC
